Metric,Value
MAE,0.4997653365135193
MSE,2.752667188644409
RMSE,1.6591163879138826
R²,0.3331644535064697
