Epoch,Train Loss,Validation Loss,Train Accuracy,Validation Accuracy,Learning Rate
1,1.1345773181414496,0.4473314564278785,0.658,0.9033333333333333,0.001
2,0.5471208653493559,0.28346743260292295,0.8481428571428572,0.9366666666666666,0.001
