Epoch,Train Loss,Validation Loss,Train Accuracy,Validation Accuracy,Learning Rate
1,0.29258505743038454,0.2332183873533152,1.764818593540039,1.8068861406259071,0.001
2,0.2143896538949613,0.22283771402567126,1.8251381077987359,1.8188468907855775,0.001
