duration_category,total_titles,avg_duration
Long,1142,140.1584938704028
Medium,4528,95.20428445229682
Short,458,41.622270742358076
