Model,Mean Score,Std
Linear Regression,0.9008011376352123,0.12041587445359933
Random Forest,-1.9689513247874904,1.7005992695851329
Gradient Boosting,-3.6426389295220964,6.454228684649363
