Metric,Score
Accuracy,0.7924662402274343
Precision,0.6385135135135135
Recall,0.5053475935828877
F1 Score,0.564179104477612
ROC AUC,0.8392835881162287
