Model,Mean ROC AUC,Std
Gradient Boosting,0.8464441701693268,0.004687554801522181
Logistic Regression,0.8450195930549637,0.0026415808917820537
Random Forest,0.8194361036300151,0.002917804335592584
Decision Tree,0.6565277604189398,0.019211093336529574
