,precision,recall,f1-score,support
0.0,0.7401960784313726,0.5882352941176471,0.6555242023008465,2567.0
1.0,0.9303826648224989,0.9638373362445415,0.9468145715338986,14656.0
accuracy,0.9078557742553562,0.9078557742553562,0.9078557742553562,0.9078557742553562
macro avg,0.8352893716269357,0.7760363151810943,0.8011693869173726,17223.0
weighted avg,0.9020363275255111,0.9078557742553562,0.9033992328692498,17223.0
