Metric,Value
Accuracy,0.9266666666666666
Top-5 Accuracy,0.9913333333333333
